Creator,Series ,Video No,Game No ,Opponent Name,Time Hours,Minutes,Seconds,ELO,Notes
Naroditsky,Back to 3000,1,1,7622ma,0,0,16,,Different name
Naroditsky,Back to 3000,2,2,louisjcbs,0,0,7,,Different name
Naroditsky,Back to 3000,3,3,Anti2633,0,0,7,,
Naroditsky,Back to 3000,4,4,Msameh14,0,0,7,,
Naroditsky,Back to 3000,4,5,niconespo,0,13,17,,
Naroditsky,Back to 3000,5,6,omarateffff,0,0,12,,
Naroditsky,Back to 3000,5,7,Soggybreadissad,0,17,18,,
Naroditsky,Back to 3000,6,8,slowmind9,0,0,7,,
Naroditsky,Back to 3000,7,9,Light1993,0,0,35,,
Naroditsky,Back to 3000,7,10,nedcamps,0,16,27,, 
Naroditsky,Back to 3000,8,11,jhondrvelasquez,0,0,7,,
Naroditsky,Back to 3000,8,12,ArtsakhStrong,0,17,55,,
Naroditsky,Back to 3000,8,13,nishantmundas,0,32,28,,
Naroditsky,Back to 3000,9,14,Sumit2099,0,1,16,,
Naroditsky,Back to 3000,9,15,Reza031,0,7,24,,
Naroditsky,Back to 3000,9,16,BEREHBOH,0,12,12,,
Naroditsky,Back to 3000,10,17,Sanchos00,0,1,51,,
Naroditsky,Back to 3000,10,18,Kashif783,0,7,50,,
Naroditsky,Back to 3000,10,19,Mmatej71,0,12,31,,
Naroditsky,Back to 3000,11,20,Sah98761234,0,0,57,,Different name
Naroditsky,Back to 3000,11,21,SlaZh9,0,9,8,,
Naroditsky,Back to 3000,11,22,alberto74r,0,16,40,,
Naroditsky,Back to 3000,12,23,paeo1,0,0,17,,
Naroditsky,Back to 3000,12,24,nolaxe,0,3,40,,
Naroditsky,Back to 3000,12,25,swapon570,0,8,50,,
Naroditsky,Back to 3000,13,26,dembaba21,0,0,14,,
Naroditsky,Back to 3000,13,27,renatorecebas,0,10,7,,
Naroditsky,Back to 3000,14,28,ctdcunha,0,0,31,,
Naroditsky,Back to 3000,14,29,german0400,0,6,49,,
Naroditsky,Back to 3000,14,30,sirota9,0,14,7,,
Naroditsky,Back to 3000,15,31,martin_chodur,0,1,16,,
Naroditsky,Back to 3000,15,32,astha0,0,6,44,,
Naroditsky,Back to 3000,15,33,grend25,0,8,50,,
Naroditsky,Back to 3000,15,34,vladiros,0,15,54,,
Naroditsky,Back to 3000,15,35,hmhk2020,0,28,59,,
Naroditsky,Back to 3000,16,36,xstof50,0,0,18,,
Naroditsky,Back to 3000,16,37,zizcar,0,10,45,,
Naroditsky,Back to 3000,16,38,Yera84,0,19,15,,
Naroditsky,Back to 3000,17,39,Q262626w,0,0,7,,
Naroditsky,Back to 3000,17,40,ishaqvkmade,0,13,8,,
Naroditsky,Back to 3000,17,41,HelioBacha,0,17,3,,
Naroditsky,Back to 3000,18,42,richardoha,0,0,53,,
Naroditsky,Back to 3000,18,43,MrMisterPink,0,8,41,,
Naroditsky,Back to 3000,18,44,shapiro132_Leo,0,19,30,,
Naroditsky,Back to 3000,19,45,jeck75,0,0,7,,
Naroditsky,Back to 3000,19,46,Lexman18,0,13,16,,
Naroditsky,Back to 3000,19,47,TOMMYFOOKINSHELBY,0,23,55,,
Naroditsky,Back to 3000,20,48,abdelmajidghallouch,0,0,22,,
Naroditsky,Back to 3000,20,49,homeseeerter,0,6,48,,
Naroditsky,Back to 3000,21,50,GontseSeisoAndries1,0,0,9,,
Naroditsky,Back to 3000,21,51,danicay,0,21,51,,
Naroditsky,Back to 3000,21,52,Dineshveer,0,33,58,,
Naroditsky,Back to 3000,22,53,Dncjf,0,0,8,,
Naroditsky,Back to 3000,22,54,mihirdashing111,0,14,40,,
Naroditsky,Back to 3000,23,55,yaivan,0,0,22,,
Naroditsky,Back to 3000,23,56,darkcaffe,0,11,36,,
Naroditsky,Back to 3000,24,57,et_tu_brute,0,0,0,,
Naroditsky,Back to 3000,24,58,MikeyPG14,0,5,7,,
Naroditsky,Back to 3000,24,59,ChuckShadow,0,10,23,,Different name
Naroditsky,Back to 3000,24,60,Pau-mandado,0,20,48,,
Naroditsky,Back to 3000,25,61,garyganuzzi,0,0,34,,
Naroditsky,Back to 3000,25,62,viktor_77,0,17,0,,
Naroditsky,Back to 3000,25,63,blackhorse1901,0,24,46,,Different name
Naroditsky,Back to 3000,26,64,HumbledStar,0,0,43,,Resigned almost immediately
Naroditsky,Back to 3000,26,65,emka,0,1,30,,
Naroditsky,Back to 3000,26,66,akosijrloberes,0,13,35,,
Naroditsky,Back to 3000,26,67,SRK277,0,25,26,,
Naroditsky,Back to 3000,27,68,charliehuertas,0,0,12,,
Naroditsky,Back to 3000,27,69,Mrsamobra,0,15,50,,
Naroditsky,Back to 3000,28,70,dmho,0,0,4,,
Naroditsky,Back to 3000,28,71,zec007,0,18,59,,
Naroditsky,Back to 3000,29,72,Xidiga,0,0,23,,
Naroditsky,Back to 3000,29,73,binuukv,0,15,35,,
Naroditsky,Back to 3000,30,74,maarifhamdani,0,0,11,,
Naroditsky,Back to 3000,30,75,SwapnilPatel7345,0,11,0,,
Naroditsky,Back to 3000,30,76,chessguruletorlee,0,19,47,,
Naroditsky,Back to 3000,31,77,felixbernas,0,0,12,,
Naroditsky,Back to 3000,31,78,raoufsaad_52,0,8,54,,
Naroditsky,Back to 3000,31,79,mbidar,0,19,56,,
Naroditsky,Back to 3000,32,80,latorre22,0,0,6,,
Naroditsky,Back to 3000,32,81,rakeshtyagi,0,18,33,,
Naroditsky,Back to 3000,32,82,Avec1957,0,34,15,,
Naroditsky,Back to 3000,32,83,bycb,0,35,49,,
Naroditsky,Back to 3000,33,84,jonathancampos11,0,0,40,,
Naroditsky,Back to 3000,33,85,imvtaj,0,19,9,,
Naroditsky,Back to 3000,34,86,matthomes,0,0,9,,
Naroditsky,Back to 3000,34,87,viethorn,0,11,4,,
Naroditsky,Back to 3000,34,88,wzutali,0,22,13,,
Naroditsky,Back to 3000,35,89,darkjack,0,0,9,,
Naroditsky,Back to 3000,35,90,marko981,0,9,52,,
Naroditsky,Back to 3000,35,91,EdawgChessMood,0,16,30,1831,
Naroditsky,Back to 3000,36,92,mhj76,0,0,37,,
Naroditsky,Back to 3000,36,93,bsngsu,0,12,13,,
Naroditsky,Back to 3000,37,94,Donkongee,0,0,0,,
Naroditsky,Back to 3000,37,95,LoveFades,0,15,3,,
Naroditsky,Back to 3000,38,96,k33ptrying,0,0,8,,Different name
Naroditsky,Back to 3000,38,97,ions26,0,16,28,,
Naroditsky,Back to 3000,39,98,agrotis,0,0,12,,
Naroditsky,Back to 3000,39,99,dusan555,0,13,17,,
Naroditsky,Back to 3000,40,100,mengermania,0,0,0,,
Naroditsky,Back to 3000,40,101,Kadu_de_Souza,0,19,40,,
Naroditsky,Back to 3000,41,102,rayan147,0,0,0,,
Naroditsky,Back to 3000,42,103,Budihartonomsp,0,0,5,,
Naroditsky,Back to 3000,42,104,aposbapa,0,14,23,,
Naroditsky,Back to 3000,43,105,ChessLebaneseSalah,0,0,9,1975,
Naroditsky,Back to 3000,43,106,dobrin357,0,18,43,,
Naroditsky,Back to 3000,44,107,PlatinUmba,0,0,10,,
Naroditsky,Back to 3000,44,108,ChessLebaneseSalah,0,13,43,2003,2nd time! 
Naroditsky,Back to 3000,45,109,Tjuna,0,0,2,,
Naroditsky,Back to 3000,45,110,roychristian224,0,12,0,,
Naroditsky,Back to 3000,46,111,jameswagey,0,0,13,,
Naroditsky,Back to 3000,47,112,Levansalamadze,0,0,15,,
Naroditsky,Back to 3000,47,113,dobur,0,15,49,,
Naroditsky,Back to 3000,47,114,mellsipp,0,21,54,,
Naroditsky,Back to 3000,48,115,sandyrosechessfan,0,0,46,,Different name
Naroditsky,Back to 3000,49,116,fredham,0,0,8,,
Naroditsky,Back to 3000,49,117,gol-dad,0,24,22,,
Naroditsky,Back to 3000,50,118,kushalbanerjee,0,0,31,,
Naroditsky,Back to 3000,50,119,VanyaHargreeves,0,19,38,2089,
Naroditsky,Back to 3000,51,120,Riomir,0,0,7,,
Naroditsky,Back to 3000,52,121,MisterNWA,0,0,19,,
Naroditsky,Back to 3000,52,122,grosbidepoilu,0,17,30,,
Naroditsky,Back to 3000,53,123,spicyindianswag,0,0,8,,
Naroditsky,Back to 3000,53,124,GMmauryahram,0,18,16,,
Naroditsky,Back to 3000,54,125,VanyaHargreeves,0,0,12,2146,2nd time
Naroditsky,Back to 3000,54,126,mgokun,0,22,22,,
Naroditsky,Back to 3000,55,127,georgigrigorov55,0,0,7,,
Naroditsky,Back to 3000,55,128,x0Stark69,0,21,50,,
Naroditsky,Back to 3000,56,129,guildwars123,0,0,15,,
Naroditsky,Back to 3000,56,130,AshotMsaker,0,16,19,2190,Diferent name 
Naroditsky,Back to 3000,56,131,enricotripoli,0,34,3,,
Naroditsky,Back to 3000,57,132,fanof163,0,0,50,,
Naroditsky,Back to 3000,58,133,CrackrazorATM,0,0,9,,
Naroditsky,Back to 3000,58,134,MiguelMejiaE,0,16,20,,
Naroditsky,Back to 3000,59,135,TheMomBodShuffle-inactive,0,0,14,,
Naroditsky,Back to 3000,59,136,VanyaHargreeves,0,10,54,2242,3rd? 
Naroditsky,Back to 3000,60,137,Schwindelaar,0,0,9,,
Naroditsky,Back to 3000,61,138,hbpencil1,0,0,17,,
Naroditsky,Back to 3000,61,139,AshotMsaker,0,18,54,2265,
Naroditsky,Back to 3000,62,140,EdawgChessMood,0,0,10,2266,
Naroditsky,Back to 3000,62,141,Witpensstekelstert,0,18,32,,
Naroditsky,Back to 3000,63,142,uwinthant,0,0,11,,
Naroditsky,Back to 3000,63,143,Matthilde,0,10,26,2291,
Naroditsky,Back to 3000,63,144,Matthilde,0,22,47,2299,
Naroditsky,Back to 3000,64,145,chesskid1220,0,0,0,,
Naroditsky,Back to 3000,64,146,gilepile70,0,19,56,,
Naroditsky,Back to 3000,65,147,KarateBaby,0,0,13,2312,
Naroditsky,Back to 3000,65,148,Pushdapawn,0,20,2,,
Naroditsky,Back to 3000,66,149,arcanine18,0,0,8,,
Naroditsky,Back to 3000,66,150,JimmyFallon1,0,12,56,2338,
Naroditsky,Back to 3000,67,151,JimmyFallon1,0,0,20,2331,
Naroditsky,Back to 3000,67,152,JimmyFallon1,0,12,7,2341,
Naroditsky,Back to 3000,68,153,not-a-rapper,0,0,8,,
Naroditsky,Back to 3000,69,154,awodiajiod10,0,0,24,,
Naroditsky,Back to 3000,69,155,Kote_Makharadze,0,14,40,,
Naroditsky,Back to 3000,70,156,steka121,0,0,13,,
Naroditsky,Back to 3000,70,157,TutoBaraoOFC,0,14,31,,
Naroditsky,Back to 3000,71,158,gavinPMF,0,0,5,,
Naroditsky,Back to 3000,71,159,johndavis_59,0,11,48,2400,